Date,Energy (kcal),Alcohol (g),Caffeine (mg),Oxalate (mg),Phytate (mg),Water (g),B1 (Thiamine) (mg),B2 (Riboflavin) (mg),B3 (Niacin) (mg),B5 (Pantothenic Acid) (mg),B6 (Pyridoxine) (mg),B12 (Cobalamin) (µg),Folate (µg),Vitamin A (µg),Vitamin C (mg),Vitamin D (IU),Vitamin E (mg),Vitamin K (µg),Calcium (mg),Copper (mg),Iron (mg),Magnesium (mg),Manganese (mg),Phosphorus (mg),Potassium (mg),Selenium (µg),Sodium (mg),Zinc (mg),Net Carbs (g),Carbs (g),Fiber (g),Insoluble Fiber (g),Soluble Fiber (g),Starch (g),Sugars (g),Fat (g),Cholesterol (mg),Monounsaturated (g),Polyunsaturated (g),Saturated (g),Trans-Fats (g),Omega-3 (g),ALA (g),DHA (g),EPA (g),Omega-6 (g),AA (g),LA (g),Cystine (g),Histidine (g),Isoleucine (g),Leucine (g),Lysine (g),Methionine (g),Phenylalanine (g),Protein (g),Threonine (g),Tryptophan (g),Tyrosine (g),Valine (g),Completed
2025-10-11,1503.05,3.52,4.22,43.99,249.91,1840.87,1.15,1.14,14.62,2.69,0.84,3.09,250.35,375.20,21.00,127.87,3.37,11.86,471.25,0.46,7.69,124.94,0.98,717.74,1220.58,57.38,2709.50,7.52,155.67,160.30,4.60,1.62,1.90,67.29,42.31,65.80,269.04,22.91,4.79,27.47,1.80,0.44,0.32,0.01,0.01,4.05,0.10,2.30,0.62,1.28,2.03,3.73,3.24,1.09,1.98,59.70,1.80,0.45,1.59,2.26,false
2025-10-12,1151.92,0.00,4.22,3.36,1.89,3464.37,0.06,0.07,2.29,0.51,0.17,0.08,24.60,24.81,7.52,0.00,0.87,1.06,222.95,0.20,0.38,159.46,0.34,113.11,730.34,4.11,775.00,1.41,255.56,257.57,2.00,0.68,0.32,6.77,247.33,12.17,2.50,4.17,1.63,4.57,0.23,0.04,0.02,0.00,0.00,1.59,0.00,0.03,0.00,0.03,0.01,0.03,0.02,0.00,0.02,4.44,0.01,0.00,0.00,0.02,false
2025-10-13,1590.02,3.52,0.00,60.15,90.34,2363.41,0.70,0.88,11.61,4.18,1.65,4.47,190.85,216.85,54.05,106.87,9.21,31.42,462.37,0.81,6.65,187.97,1.42,718.33,2559.81,97.53,1783.58,8.27,149.95,162.34,12.31,6.17,2.64,48.39,85.33,76.19,509.69,25.61,24.62,17.54,0.93,1.57,1.33,0.11,0.08,20.27,0.20,19.98,0.76,1.59,2.50,4.37,4.21,1.41,2.44,71.89,2.17,0.50,1.86,2.80,false
2025-10-14,1097.76,0.00,0.00,15.13,80.66,2774.00,1.17,0.62,9.74,2.44,1.05,1.28,127.46,70.32,29.95,79.73,0.64,8.62,220.00,0.27,3.92,119.47,1.17,491.98,1332.57,63.16,1075.13,4.82,126.88,130.84,3.92,2.96,0.96,51.86,41.65,38.04,168.10,6.11,1.30,14.46,0.17,0.09,0.09,0.00,0.00,1.15,0.07,1.08,0.55,1.66,1.97,3.49,3.54,1.09,1.80,56.57,1.89,0.54,1.50,2.35,false
2025-10-15,1499.96,0.00,0.00,32.06,116.56,2383.93,0.46,0.82,4.86,3.54,0.99,1.60,190.21,271.29,87.09,208.10,5.86,75.81,1086.02,0.68,6.48,149.34,1.53,495.23,3753.06,14.65,1489.70,3.32,107.32,134.42,26.88,11.20,3.10,5.17,72.63,74.13,131.75,23.95,7.95,25.94,0.31,0.61,0.39,0.00,0.00,3.11,0.00,2.78,0.16,0.56,0.92,1.64,1.42,0.44,0.96,91.22,0.79,0.24,0.76,1.19,false
2025-10-16,1027.11,0.00,0.00,25.09,304.03,2217.92,0.81,0.66,13.80,3.05,1.05,6.29,359.77,458.98,38.82,191.74,4.36,73.79,378.30,0.66,6.30,153.51,1.09,615.88,2528.16,72.38,4433.61,3.53,78.35,93.12,14.61,7.21,3.52,25.20,44.64,40.34,122.88,16.67,8.11,9.44,0.15,1.27,0.55,0.44,0.18,5.25,0.09,5.15,0.56,1.39,2.01,3.62,3.60,1.17,1.98,76.61,1.88,0.59,1.53,2.24,false
2025-10-17,981.45,0.00,0.00,12.84,18.86,539.24,0.53,0.60,2.17,1.67,0.59,4.32,49.64,119.61,29.26,120.00,1.67,48.10,578.32,0.58,5.16,122.98,1.23,360.29,1656.82,12.58,348.20,1.85,108.74,131.27,22.32,5.40,0.92,4.29,81.36,33.97,60.00,6.14,7.83,9.75,0.00,0.30,0.11,0.00,0.00,0.52,0.00,0.22,0.12,0.40,0.58,1.04,0.86,0.29,0.62,51.86,0.51,0.16,0.49,0.75,false
2025-10-18,1325.65,7.04,22.68,123.72,393.02,3581.10,0.52,0.70,16.90,3.12,1.11,8.14,382.81,889.15,23.69,565.79,6.28,180.71,253.65,1.05,9.98,203.12,1.29,775.42,2410.50,89.61,1185.68,6.65,86.40,104.24,17.68,9.46,3.24,2.71,65.52,68.42,187.13,28.72,6.47,20.18,0.61,1.99,0.67,0.87,0.25,3.98,0.14,3.83,0.64,1.54,2.55,4.44,4.84,1.51,2.36,70.18,2.39,0.68,1.92,2.89,false
2025-10-19,799.76,0.00,0.00,1.13,95.88,1652.36,0.16,0.72,1.50,2.97,0.44,1.55,107.52,203.55,5.98,326.85,2.42,14.95,448.90,0.19,3.81,46.36,0.13,357.94,1482.76,33.29,1526.60,2.26,39.38,48.04,8.62,2.94,1.70,0.07,16.30,49.18,449.64,8.50,2.37,19.01,0.14,0.09,0.09,0.00,0.00,1.26,0.00,1.24,0.31,0.46,0.94,1.59,1.36,0.51,0.94,43.12,0.79,0.24,0.73,1.18,false
2025-10-20,1389.74,7.04,0.00,83.77,457.21,2605.58,0.89,0.97,13.68,4.11,1.34,1.68,304.09,483.77,40.31,78.57,7.96,169.82,601.03,0.65,6.00,163.23,1.30,840.34,1980.13,66.64,1804.77,5.26,97.05,111.22,14.09,9.59,4.51,65.10,15.46,82.12,170.17,30.51,22.39,21.98,0.81,2.78,2.74,0.02,0.01,19.12,0.09,19.00,0.55,1.30,2.12,3.62,2.99,1.08,2.07,46.34,1.83,0.63,1.76,2.44,false
2025-10-21,734.69,0.00,0.00,75.06,444.76,1579.65,0.75,0.84,12.09,3.98,2.00,2.71,265.19,536.11,128.44,71.12,1.67,330.38,678.65,0.95,8.59,180.92,1.70,782.14,2538.57,44.90,186.41,7.36,84.06,102.09,16.28,11.63,4.65,42.55,34.38,17.29,87.45,4.48,4.23,6.19,0.39,0.76,0.74,0.00,0.00,3.07,0.04,3.02,0.43,1.66,2.49,4.33,4.18,1.14,2.28,52.90,2.39,0.65,1.99,2.77,false
2025-10-22,1444.39,31.55,0.00,12.54,160.07,3004.59,0.56,0.71,13.73,2.80,0.99,6.96,123.15,300.42,10.12,231.47,6.22,33.60,334.57,0.30,3.80,85.94,0.51,525.65,1262.69,52.79,316.38,5.61,99.32,106.35,6.99,4.35,2.15,16.41,28.58,63.37,176.83,25.84,7.02,24.20,1.32,1.33,0.60,0.43,0.18,5.46,0.09,5.36,0.56,1.28,2.02,3.53,3.58,1.21,1.83,59.49,1.83,0.42,1.47,2.27,false
2025-10-23,1180.89,0.00,0.00,30.17,52.75,998.01,0.39,0.43,7.25,1.89,0.84,2.98,77.41,51.72,20.44,48.48,1.32,17.92,376.83,0.30,5.58,85.83,0.57,383.64,1589.76,32.03,1889.10,6.07,128.86,138.40,9.49,2.47,1.03,24.62,65.36,46.61,241.38,7.90,5.46,16.37,0.95,0.60,0.60,0.00,0.00,4.74,0.04,4.69,0.32,0.95,1.32,2.37,2.30,0.73,1.25,56.28,1.15,0.21,0.97,1.51,false
2025-10-24,480.95,0.00,0.00,3.36,1.89,44.43,0.03,0.00,0.39,0.20,0.12,0.00,8.26,35.57,7.26,71.74,0.43,0.06,347.05,0.06,0.10,16.52,0.15,12.98,853.64,0.03,601.90,0.09,24.50,25.51,1.00,0.68,0.32,2.16,14.83,25.27,49.71,7.02,0.54,12.12,0.00,0.09,0.02,0.00,0.00,0.43,0.00,0.03,0.00,0.03,0.01,0.03,0.02,0.00,0.02,40.09,0.01,0.00,0.00,0.02,false
2025-10-25,614.70,0.00,0.00,7.13,31.44,1157.22,0.32,0.08,1.77,0.70,0.39,0.00,36.08,5.33,28.71,0.00,0.99,27.28,537.69,0.35,2.27,90.04,1.09,120.88,884.52,3.19,454.87,0.94,53.40,83.68,20.27,1.63,2.64,4.58,39.30,23.83,40.00,1.11,3.29,8.18,0.00,0.11,0.03,0.00,0.00,0.18,0.00,0.06,0.06,0.14,0.16,0.27,0.17,0.07,0.20,41.05,0.15,0.05,0.08,0.22,false
2025-10-26,1175.77,0.00,11.62,94.66,577.30,2471.43,0.83,0.89,7.08,3.13,0.80,1.75,228.63,283.18,32.34,267.57,3.64,52.17,820.10,0.71,6.31,166.11,2.34,694.18,1906.10,30.74,1911.58,4.71,132.25,152.81,20.49,13.76,4.65,45.70,75.03,48.90,103.10,12.72,5.61,20.81,0.58,0.51,0.50,0.00,0.00,3.91,0.01,3.89,0.32,0.76,1.33,2.40,1.54,0.63,1.42,48.19,1.16,0.46,1.14,1.62,false
2025-10-27,1354.41,0.00,0.00,184.24,628.33,3299.90,1.07,0.74,10.32,3.53,1.33,0.37,632.71,1005.34,58.18,88.81,5.42,150.51,608.06,1.39,15.62,275.93,2.58,847.08,3830.55,55.43,3372.02,8.20,127.85,171.86,43.43,34.32,5.11,52.80,69.20,41.52,147.91,10.07,7.15,12.66,0.03,1.04,1.02,0.01,0.00,5.32,0.05,5.26,0.46,0.83,1.48,2.56,2.00,0.53,1.78,83.54,1.27,0.38,0.83,1.80,false
2025-10-28,1314.40,0.00,0.00,5.10,5.04,214.86,0.45,0.22,9.83,1.88,0.82,3.18,48.64,117.73,22.54,656.47,2.27,32.54,598.33,0.13,3.68,44.10,0.73,307.60,1037.53,47.11,1794.41,0.64,94.15,98.18,4.03,3.65,0.39,0.05,37.99,60.78,205.18,4.82,5.41,22.48,0.06,3.05,0.21,1.65,0.78,2.34,1.44,0.90,0.28,0.76,1.19,2.11,2.32,0.76,1.02,89.27,1.13,0.29,0.86,1.34,false
2025-10-29,1142.76,0.00,0.00,92.74,35.43,1224.09,0.22,0.26,4.24,0.88,0.46,0.00,87.39,1725.46,25.66,68.10,4.41,43.93,819.97,0.22,4.91,43.35,0.85,125.34,2330.24,0.59,1982.64,0.80,82.37,103.03,20.21,7.77,1.34,12.50,39.99,41.17,99.71,4.09,4.47,16.19,0.00,0.08,0.08,0.00,0.00,0.10,0.00,0.10,0.18,0.09,0.18,0.26,0.22,0.05,0.15,97.88,0.41,0.03,0.10,0.18,false
2025-10-30,1267.46,0.00,0.00,19.09,17.36,3143.57,0.32,0.44,2.80,2.60,0.88,2.18,137.79,78.98,132.75,133.17,3.00,65.70,723.82,0.29,3.45,94.60,1.17,293.09,2256.29,5.92,1356.73,1.55,144.11,166.05,21.80,8.50,2.10,5.61,101.77,50.99,48.15,11.01,2.37,17.36,0.18,0.64,0.63,0.00,0.00,1.60,0.01,1.59,0.12,0.35,0.55,0.99,0.85,0.25,0.53,45.81,0.50,0.15,0.41,0.69,false
2025-10-31,1351.96,0.70,9.00,52.49,168.31,2470.37,1.00,1.72,7.21,4.34,1.16,2.55,372.62,686.68,155.24,101.34,9.09,279.40,1052.25,0.62,5.46,190.71,1.78,895.14,2487.95,57.38,1545.91,5.17,126.15,141.59,15.22,12.14,2.99,34.24,78.25,66.09,242.62,20.53,6.25,29.32,1.37,0.84,0.80,0.01,0.01,4.71,0.07,4.64,0.68,1.22,2.33,4.09,3.10,1.36,2.53,56.51,2.11,0.76,1.95,2.87,false
2025-11-01,822.30,0.00,0.00,32.89,71.65,1464.48,0.58,1.04,5.47,2.67,0.47,2.43,127.06,653.39,19.56,153.20,3.16,18.65,449.43,0.12,2.92,90.64,0.36,609.41,1668.01,61.21,2945.81,3.62,59.43,62.79,3.19,1.91,0.77,16.31,39.93,42.91,468.44,15.20,7.13,15.99,0.50,0.80,0.74,0.04,0.01,5.96,0.21,5.74,0.56,1.03,1.80,3.02,2.55,0.97,1.71,44.25,1.66,0.49,1.48,2.02,false
2025-11-02,1406.83,18.08,0.00,44.31,96.70,3537.76,0.80,0.39,12.09,1.37,1.93,2.80,51.57,249.11,21.50,11.95,1.48,21.59,149.71,0.53,3.62,109.45,0.53,412.13,1753.73,25.57,1578.84,6.04,188.86,194.91,5.89,3.63,2.25,34.18,135.12,31.15,173.17,7.52,5.14,12.71,0.60,0.54,0.48,0.00,0.00,4.20,0.02,3.33,0.73,2.66,2.67,4.47,5.33,1.34,2.26,56.84,2.58,0.77,2.02,2.99,false
2025-11-03,233.70,0.00,0.00,0.24,0.00,817.25,0.07,0.17,0.13,0.44,0.07,1.86,0.00,38.53,0.00,126.35,0.06,0.37,379.56,0.00,0.30,14.64,0.00,123.22,183.00,2.32,126.36,0.51,25.70,28.65,2.95,0.00,0.00,0.00,20.65,9.91,14.64,0.84,0.13,5.76,0.14,0.02,0.01,0.00,0.00,0.11,0.00,0.10,0.02,0.12,0.21,0.41,0.36,0.11,0.20,4.99,0.19,0.05,0.20,0.25,false
2025-11-04,1336.93,0.00,0.00,1065.85,266.94,3511.73,0.77,1.08,8.87,4.83,1.69,1.45,370.58,594.44,92.94,475.41,13.03,523.89,510.97,0.76,6.30,269.76,1.54,730.50,3093.91,74.05,655.57,3.98,52.68,71.97,18.98,13.97,4.54,16.11,34.12,88.15,539.59,44.46,11.85,19.42,0.21,2.05,1.00,0.63,0.23,9.29,0.05,8.77,0.59,1.27,2.15,3.72,3.74,1.21,2.05,72.31,2.00,0.54,1.57,2.41,false
2025-11-05,1621.61,0.00,0.00,5.76,3.23,1061.97,0.21,0.98,0.88,2.90,0.44,2.23,86.39,399.47,13.02,180.00,1.76,0.93,722.05,0.15,9.64,90.78,0.30,465.22,1592.26,50.82,3399.11,2.20,135.27,150.78,15.50,1.16,0.56,3.70,36.16,73.08,665.19,11.16,6.44,25.11,0.00,0.24,0.03,0.06,0.01,1.98,0.00,0.05,0.47,0.62,1.25,2.03,1.72,0.70,1.24,100.06,1.09,0.29,0.97,1.44,false
2025-11-06,1012.46,0.00,0.00,411.69,184.56,1386.56,1.10,1.75,13.60,3.24,0.99,9.85,246.62,952.55,33.93,210.82,4.59,198.42,528.78,2.98,13.76,249.97,2.32,777.27,2678.86,78.09,2956.89,5.43,106.52,126.44,19.75,8.67,2.59,7.16,42.33,22.48,285.07,5.94,6.22,5.89,0.16,1.21,0.31,0.56,0.24,4.41,0.06,4.36,0.80,1.61,3.21,5.60,5.24,1.72,3.00,88.42,3.03,0.85,2.58,3.55,false
2025-11-07,1642.98,0.06,1.29,48.15,182.61,2062.16,0.81,0.93,5.34,3.95,1.33,2.42,188.18,320.74,64.14,118.03,6.43,48.08,823.71,0.99,7.67,189.76,1.38,726.76,2845.44,19.35,836.78,4.27,116.54,143.52,26.69,8.48,3.23,16.00,77.87,73.76,115.38,34.90,14.97,16.22,0.63,4.73,0.41,0.00,0.00,4.84,0.02,4.80,0.30,0.80,1.39,2.50,2.13,0.65,1.45,116.32,1.21,0.38,1.08,1.74,false
2025-11-08,,,,,,,,,,,,,,,,,,,,,,,,,,,,,,,,,,,,,,,,,,,,,,,,,,,,,,,,,,,,,false
2025-11-09,0.00,0.00,0.00,0.00,,709.77,0.00,0.00,0.00,0.00,0.00,0.00,0.00,0.00,0.00,0.00,0.00,0.00,0.00,0.00,0.00,0.00,0.00,0.00,0.00,0.00,0.00,0.00,0.00,0.00,0.00,,,0.00,0.00,0.00,0.00,0.00,0.00,0.00,0.00,0.00,,,,0.00,,,0.00,0.00,0.00,0.00,0.00,0.00,0.00,0.00,0.00,0.00,0.00,0.00,false
2025-11-10,,,,,,,,,,,,,,,,,,,,,,,,,,,,,,,,,,,,,,,,,,,,,,,,,,,,,,,,,,,,,false
2025-11-11,1165.79,3.52,0.00,14.11,94.72,2837.16,0.45,0.48,4.50,1.39,0.33,2.40,93.26,103.96,0.04,82.88,2.61,5.17,548.30,0.38,9.14,65.68,0.28,495.84,1444.78,51.65,2519.87,2.53,73.90,93.93,20.02,0.50,0.51,25.51,12.28,52.94,280.11,6.79,2.97,22.68,0.32,0.23,0.20,0.02,0.01,2.69,0.03,2.66,0.39,0.74,1.47,2.74,2.68,0.87,1.45,74.10,1.27,0.37,1.24,1.58,false
2025-11-12,,,,,,,,,,,,,,,,,,,,,,,,,,,,,,,,,,,,,,,,,,,,,,,,,,,,,,,,,,,,,false
2025-11-13,,,,,,,,,,,,,,,,,,,,,,,,,,,,,,,,,,,,,,,,,,,,,,,,,,,,,,,,,,,,,false
2025-11-14,,,,,,,,,,,,,,,,,,,,,,,,,,,,,,,,,,,,,,,,,,,,,,,,,,,,,,,,,,,,,false
2025-11-15,,,,,,,,,,,,,,,,,,,,,,,,,,,,,,,,,,,,,,,,,,,,,,,,,,,,,,,,,,,,,false
2025-11-16,,,,,,,,,,,,,,,,,,,,,,,,,,,,,,,,,,,,,,,,,,,,,,,,,,,,,,,,,,,,,false
2025-11-17,1035.20,0.00,0.00,8.62,6.76,299.37,0.38,0.32,2.23,1.32,0.42,0.56,45.79,61.00,21.45,60.00,1.07,29.34,602.80,0.45,4.81,111.84,1.23,248.84,1566.45,9.31,303.50,1.38,110.07,133.55,23.47,3.96,0.76,4.81,83.29,33.86,77.50,5.12,7.52,11.14,0.00,0.20,0.10,0.00,0.00,0.32,0.00,0.16,0.11,0.25,0.38,0.66,0.51,0.18,0.41,62.82,0.32,0.10,0.28,0.49,false
2025-11-18,30.00,0.00,0.00,0.00,,1419.54,0.00,0.00,0.00,0.00,0.00,0.00,0.00,0.00,0.00,0.00,0.00,0.00,0.00,0.00,0.00,0.00,0.00,0.00,0.00,0.00,50.00,0.00,0.00,1.00,1.00,,,0.00,0.00,2.00,0.00,0.00,0.00,0.00,0.00,0.00,,,,0.00,,,0.00,0.00,0.00,0.00,0.00,0.00,0.00,1.00,0.00,0.00,0.00,0.00,false
2025-11-19,1533.97,0.00,0.00,98.49,404.32,2347.53,0.76,1.50,16.96,8.54,0.91,1.32,116.76,86.00,105.61,122.24,6.37,63.91,840.09,2.22,10.82,213.45,2.34,768.99,3026.58,53.66,404.74,5.58,149.41,186.05,33.51,16.32,2.16,48.77,80.28,60.52,108.25,16.24,10.85,20.45,0.83,0.27,0.26,0.00,0.00,3.30,0.01,3.29,0.25,0.68,1.02,1.87,1.36,0.48,1.14,79.83,1.00,0.30,0.84,1.57,false
2025-11-20,,,,,,,,,,,,,,,,,,,,,,,,,,,,,,,,,,,,,,,,,,,,,,,,,,,,,,,,,,,,,false
2025-11-21,834.25,0.00,0.00,11.69,175.74,2998.89,0.46,1.28,6.85,4.39,0.76,7.21,294.47,693.91,19.91,348.29,5.07,86.72,465.00,0.33,3.88,98.75,0.53,623.96,1227.58,70.58,734.12,3.39,15.84,23.52,7.54,5.01,2.54,0.57,13.58,62.42,628.06,23.36,8.52,20.54,0.25,1.52,0.67,0.49,0.18,6.83,0.26,6.14,0.68,1.03,1.99,3.34,3.17,1.19,1.93,47.21,1.84,0.51,1.52,2.26,false
2025-11-22,1213.12,0.00,0.00,44.01,23.46,3404.40,0.78,1.16,11.49,5.37,1.60,5.17,238.53,446.83,289.35,771.42,7.81,132.92,613.46,0.61,4.68,143.83,2.05,828.39,2684.30,96.02,1825.31,3.80,75.22,89.90,14.33,8.32,1.52,0.00,64.04,63.14,666.39,15.62,7.41,17.60,0.21,3.18,0.34,1.65,0.78,4.02,1.45,2.57,0.79,1.42,2.53,4.28,4.24,1.49,2.36,78.90,2.29,0.63,1.91,3.01,false
2025-11-23,979.36,0.04,5.62,35.11,216.25,1181.09,0.34,0.61,3.14,1.65,0.55,1.44,62.16,98.78,37.07,53.32,1.63,44.19,354.32,0.38,3.08,119.69,1.64,424.86,1030.99,14.69,1183.19,2.39,123.62,135.20,11.53,10.24,1.29,23.27,67.01,36.06,98.15,3.25,1.42,15.14,0.34,0.22,0.21,0.00,0.00,1.18,0.02,1.16,0.13,0.33,0.45,1.02,0.58,0.23,0.51,34.25,0.42,0.11,0.40,0.58,false
2025-11-24,,,,,,,,,,,,,,,,,,,,,,,,,,,,,,,,,,,,,,,,,,,,,,,,,,,,,,,,,,,,,false
2025-11-25,1411.75,0.00,0.00,730.37,306.53,2030.47,0.97,1.29,5.55,3.44,1.29,2.45,609.14,1184.67,59.48,185.35,6.85,795.26,1110.03,1.30,15.12,336.98,4.93,997.36,3326.24,36.21,1837.46,6.95,139.16,174.75,35.11,21.08,6.20,52.32,74.29,51.42,138.13,6.82,7.19,20.15,0.74,0.83,0.81,0.00,0.01,5.64,0.03,5.61,0.51,1.14,1.97,3.47,2.94,0.83,2.17,76.03,1.74,0.50,1.48,2.18,false
2025-11-26,1698.20,0.00,0.00,57.09,123.48,3280.65,0.73,0.71,6.49,2.54,0.90,1.24,223.22,267.89,67.99,13.63,5.46,73.11,895.69,0.65,7.40,149.09,2.09,605.13,2213.35,35.00,1204.79,3.66,174.31,201.02,26.49,10.99,3.49,40.82,97.03,76.60,135.44,21.58,14.89,26.14,0.84,5.34,1.03,0.00,0.00,7.45,0.01,7.43,0.30,0.74,1.24,2.20,1.49,0.57,1.33,64.12,1.07,0.41,1.01,1.50,false
2025-11-27,,,,,,,,,,,,,,,,,,,,,,,,,,,,,,,,,,,,,,,,,,,,,,,,,,,,,,,,,,,,,false
2025-11-28,1490.84,0.15,5.60,165.37,131.35,3312.29,1.79,1.29,14.43,4.86,1.68,1.64,302.50,2006.81,174.55,155.28,7.20,286.79,741.32,1.17,10.68,167.00,3.22,570.38,2997.86,22.97,1382.49,7.12,191.51,220.09,28.32,12.92,3.31,28.13,96.86,39.50,121.60,7.25,6.24,17.26,0.38,1.03,1.00,0.00,0.00,4.55,0.01,4.21,0.41,1.32,1.54,2.55,2.63,0.73,1.42,78.88,1.50,0.45,1.09,1.81,false
2025-11-29,1306.75,22.69,0.00,46.14,66.33,2715.65,0.70,0.72,9.57,2.23,1.00,4.10,96.96,320.04,12.81,99.89,1.03,7.23,440.21,0.33,11.19,106.75,0.54,486.06,2275.95,34.80,1169.09,4.41,106.90,118.75,11.83,2.48,1.35,34.78,35.29,42.18,231.51,5.17,1.79,15.11,0.47,0.58,0.19,0.25,0.08,1.01,0.11,0.88,0.54,1.70,2.02,3.50,3.77,1.04,1.78,68.69,1.92,0.55,1.48,2.28,false
2025-11-30,1326.86,0.13,0.00,59.72,134.83,2144.02,0.86,0.70,8.05,2.83,1.23,1.67,99.27,117.46,34.33,84.43,3.08,23.19,278.32,0.64,5.10,123.90,0.81,461.62,1938.44,29.89,2271.97,4.32,174.10,184.84,10.57,4.23,1.34,43.19,88.10,35.09,259.11,4.72,4.33,14.83,0.16,0.26,0.24,0.01,0.00,4.00,0.15,3.84,0.54,1.66,1.87,3.25,3.43,0.99,1.75,68.52,1.79,0.54,1.47,2.18,false
2025-12-01,1231.07,0.15,5.60,408.35,919.09,3649.05,0.99,0.76,6.42,3.84,1.16,0.42,662.36,589.37,65.18,33.18,8.68,284.26,236.61,1.35,13.43,226.55,2.43,689.39,2539.17,30.33,1657.26,5.53,109.33,143.79,32.62,25.69,4.94,39.73,59.71,62.08,167.39,23.65,15.10,14.55,0.12,1.69,1.67,0.01,0.00,13.09,0.06,13.02,0.50,0.85,1.45,2.39,2.18,0.45,1.65,37.22,1.26,0.34,0.94,1.66,false
2025-12-02,1219.74,0.15,5.60,396.91,768.89,3224.97,1.20,0.75,11.96,3.58,1.02,2.66,640.68,482.47,28.64,33.64,4.00,248.23,288.07,1.30,15.23,221.77,2.82,841.09,2050.17,57.88,1579.19,9.40,116.44,138.79,22.00,18.33,1.67,75.91,28.41,50.52,126.42,13.55,13.18,14.87,0.17,1.72,1.49,0.00,0.00,11.24,0.02,10.31,0.73,1.53,2.46,4.11,3.96,0.99,2.51,57.54,2.13,0.58,1.69,2.83,false
2025-12-03,660.24,0.00,0.00,7.21,3.78,1250.18,0.20,0.34,1.04,1.28,0.40,1.32,16.52,78.19,14.51,93.70,0.28,0.85,540.02,0.12,3.00,62.32,0.30,272.40,1234.68,4.64,152.72,1.21,69.41,82.44,13.01,1.36,0.65,4.32,42.96,22.15,64.28,5.72,5.35,6.67,0.27,0.07,0.06,0.00,0.00,0.27,0.01,0.26,0.05,0.30,0.44,0.87,0.77,0.23,0.43,39.85,0.40,0.11,0.40,0.54,false
2025-12-04,760.62,0.00,0.00,9.85,7.46,1489.64,0.21,0.66,5.46,2.91,0.58,1.50,97.60,244.73,23.84,204.10,2.45,27.76,654.47,0.19,3.74,51.74,0.90,340.55,1056.98,45.14,647.12,2.39,53.86,66.47,5.60,4.22,0.88,3.74,37.70,32.83,615.31,6.10,3.28,15.72,0.00,0.23,0.11,0.06,0.01,1.95,0.00,0.17,0.46,0.52,1.08,1.72,1.41,0.61,1.07,59.81,0.95,0.24,0.79,1.23,false
2025-12-05,1379.67,0.00,0.00,30.08,121.73,1762.79,0.92,0.97,5.04,2.16,0.89,1.80,155.22,220.86,30.03,202.27,3.13,55.80,1091.14,0.84,7.57,125.97,1.62,680.19,2249.58,30.85,1133.91,3.83,146.01,168.06,21.87,5.97,1.82,30.15,82.58,54.86,111.59,16.03,11.67,18.47,0.31,0.55,0.36,0.00,0.00,2.50,0.00,2.20,0.30,0.81,1.40,2.46,1.66,0.65,1.49,67.85,1.17,0.47,1.18,1.75,false
2025-12-06,1382.95,16.70,100.00,36.15,215.26,3254.83,1.00,1.47,5.99,3.52,3.68,10.52,267.87,410.28,20.16,216.35,3.52,21.26,844.59,0.47,5.80,140.04,0.96,869.97,2287.90,84.26,2185.26,5.46,127.98,137.88,9.85,3.69,2.08,52.22,63.85,52.15,446.04,12.93,6.95,21.12,0.73,0.86,0.62,0.04,0.01,5.72,0.15,5.26,0.61,1.18,2.23,3.80,2.68,1.10,2.26,58.22,1.93,0.68,1.86,2.61,false
2025-12-07,770.33,0.00,0.00,1.77,191.76,1100.71,0.47,0.42,3.34,2.48,0.97,0.28,149.66,44.03,13.47,150.00,3.75,35.35,211.25,0.89,4.41,99.26,0.83,358.08,1594.52,7.86,1043.20,2.33,39.37,57.04,17.61,5.88,3.40,0.84,9.98,50.17,36.25,27.33,9.84,7.32,0.00,0.20,0.15,0.00,0.00,2.37,0.00,2.28,0.20,0.39,0.69,1.22,0.93,0.29,0.80,33.38,0.54,0.19,0.43,0.92,false
2025-12-08,1062.73,0.10,22.68,165.92,415.65,3501.18,0.60,0.96,8.93,4.90,1.68,2.58,402.13,705.29,188.33,54.35,7.45,331.57,426.86,1.21,8.11,226.54,1.83,687.62,2554.48,26.42,1699.19,7.87,77.42,100.00,22.34,16.87,5.47,27.06,38.76,61.08,96.04,27.38,4.61,22.05,1.01,0.81,0.76,0.00,0.00,3.45,0.03,3.32,0.40,1.11,1.74,2.96,2.89,0.85,1.68,38.67,1.56,0.40,1.31,2.16,false
2025-12-09,1466.25,0.70,0.00,51.65,605.56,2185.27,0.62,1.10,10.39,5.62,1.03,2.95,279.60,456.02,49.31,88.41,6.17,112.36,986.25,0.98,9.71,193.80,2.14,795.97,2074.00,76.20,672.99,9.29,100.10,112.61,12.13,7.12,3.43,24.77,71.84,91.71,220.94,37.12,18.40,27.95,1.43,2.04,1.94,0.01,0.00,15.30,0.11,15.08,0.51,1.55,2.79,4.56,3.85,1.12,2.65,57.66,2.48,0.74,2.15,3.08,false
2025-12-10,,,,,,,,,,,,,,,,,,,,,,,,,,,,,,,,,,,,,,,,,,,,,,,,,,,,,,,,,,,,,false
2025-12-11,,,,,,,,,,,,,,,,,,,,,,,,,,,,,,,,,,,,,,,,,,,,,,,,,,,,,,,,,,,,,false
2025-12-12,691.48,0.00,0.00,9.99,20.33,1379.88,0.78,0.57,10.95,2.72,1.35,3.83,181.88,182.69,109.14,643.32,2.84,220.91,248.47,0.47,3.99,151.30,1.21,670.26,1807.66,54.67,590.69,2.66,81.38,90.78,9.30,3.56,0.50,32.22,43.50,20.56,86.08,6.13,6.73,5.38,0.19,3.34,0.40,1.67,0.78,3.23,1.45,0.85,0.39,1.09,1.70,2.93,3.11,0.99,1.51,38.11,1.59,0.43,1.21,1.94,false
2025-12-13,,,,,,,,,,,,,,,,,,,,,,,,,,,,,,,,,,,,,,,,,,,,,,,,,,,,,,,,,,,,,false
2025-12-14,1500.06,13.90,0.00,30.62,193.97,2537.17,0.70,1.21,9.84,4.45,1.10,3.86,229.04,347.24,36.71,172.51,5.39,64.79,524.48,0.54,7.62,132.19,1.55,590.23,1969.35,62.51,893.20,2.99,129.09,152.62,23.45,9.09,3.37,27.04,61.97,62.93,495.58,22.02,11.53,21.11,0.77,0.91,0.57,0.19,0.11,5.25,0.16,5.07,0.56,0.95,1.69,2.92,2.56,0.96,1.66,67.95,1.52,0.41,1.28,1.95,false
2025-12-15,965.78,0.00,0.00,27.17,260.35,3267.10,1.03,1.74,18.56,7.27,1.97,14.61,246.46,545.45,80.53,250.07,9.61,119.59,279.87,1.67,11.06,166.19,1.73,738.35,2685.39,48.04,210.79,6.76,80.79,102.54,20.04,14.97,3.09,10.93,55.23,43.28,256.27,20.50,6.56,8.90,0.29,0.71,0.69,0.01,0.00,5.67,0.20,5.46,0.59,2.14,2.09,4.19,4.08,1.21,2.22,54.62,2.32,0.20,1.74,2.62,false
2025-12-16,996.10,0.00,0.00,33.55,139.96,3017.79,0.40,0.63,8.37,2.54,0.69,7.33,156.94,603.73,27.03,210.35,5.43,117.13,382.17,0.48,9.63,100.53,1.28,456.98,2164.22,35.49,2680.31,2.66,36.57,65.69,29.02,9.92,2.22,0.89,25.16,59.60,97.14,21.21,7.05,16.55,0.18,1.09,0.37,0.44,0.18,4.49,0.04,4.43,0.33,0.74,1.34,2.38,2.40,0.83,1.25,59.53,1.28,0.34,1.03,1.55,false
2025-12-17,1300.59,0.00,0.00,16.61,9.92,2954.83,0.21,0.70,1.99,3.06,0.75,1.34,112.43,399.81,37.91,248.10,9.73,7.84,597.98,0.37,9.67,159.57,0.67,363.28,2175.04,46.05,2898.00,2.41,57.24,83.28,26.01,3.30,1.23,7.39,39.90,77.02,647.31,11.09,5.22,28.41,0.00,0.06,0.06,0.00,0.00,0.09,0.00,0.09,0.43,0.58,1.06,1.74,1.46,0.59,1.11,79.95,0.90,0.27,0.77,1.37,false
2025-12-18,,,,,,,,,,,,,,,,,,,,,,,,,,,,,,,,,,,,,,,,,,,,,,,,,,,,,,,,,,,,,false
2025-12-19,,,,,,,,,,,,,,,,,,,,,,,,,,,,,,,,,,,,,,,,,,,,,,,,,,,,,,,,,,,,,false
2025-12-20,,,,,,,,,,,,,,,,,,,,,,,,,,,,,,,,,,,,,,,,,,,,,,,,,,,,,,,,,,,,,false
2025-12-21,1288.17,14.20,0.00,165.78,237.26,1904.53,0.98,1.09,6.67,3.25,0.92,2.46,237.86,377.89,151.21,52.10,5.65,47.20,873.31,1.08,4.26,223.41,1.67,838.09,1949.15,160.03,1792.55,5.82,139.86,153.50,13.07,8.43,4.06,36.50,77.56,49.31,89.82,17.84,6.32,20.03,1.21,0.65,0.65,0.00,0.00,5.38,0.00,5.37,0.43,1.26,2.04,3.68,3.01,0.99,2.04,44.85,1.65,0.57,1.75,2.64,false
2025-12-22,,,,,,,,,,,,,,,,,,,,,,,,,,,,,,,,,,,,,,,,,,,,,,,,,,,,,,,,,,,,,false
2025-12-23,1096.13,14.20,0.00,23.03,8.45,2895.80,0.31,1.38,6.90,3.99,0.63,3.71,139.18,458.16,31.37,175.66,3.45,26.17,502.86,0.76,12.11,137.16,0.60,1137.60,1887.73,126.87,1511.44,11.58,49.13,52.66,3.48,2.67,0.81,4.32,28.07,47.94,709.40,12.45,6.41,20.08,1.04,0.73,0.65,0.07,0.01,5.40,0.26,5.12,0.64,1.13,2.30,3.81,3.28,1.19,2.14,88.90,1.96,0.54,1.81,2.78,false
2025-12-24,1011.87,5.64,0.00,151.21,304.12,2932.52,1.43,0.56,8.98,3.15,1.31,0.34,497.28,32.56,101.40,23.42,2.28,181.09,299.05,0.92,8.02,283.52,3.11,553.82,2316.48,33.56,980.74,4.36,183.88,208.67,24.52,21.58,2.94,90.61,69.85,6.03,7.32,1.00,1.44,2.24,0.07,0.39,0.39,0.00,0.00,1.03,0.00,1.03,0.43,0.88,1.23,2.28,1.63,0.49,1.52,31.29,1.11,0.35,0.79,1.54,false
2025-12-25,377.59,0.00,0.00,247.41,48.20,911.98,0.29,0.54,1.50,1.05,0.97,3.24,122.31,532.81,7.82,64.18,3.06,318.20,328.22,0.13,3.25,73.40,0.63,275.04,540.95,15.69,604.94,1.71,20.73,22.75,1.98,1.53,0.46,11.16,8.02,27.20,88.36,5.64,8.60,8.91,0.36,1.06,1.05,0.01,0.00,7.44,0.03,7.41,0.15,0.35,0.69,1.22,1.00,0.34,0.65,13.44,0.58,0.18,0.58,0.84,false
2025-12-26,1225.28,27.80,0.00,38.16,259.47,3562.44,0.90,1.58,11.21,4.56,1.17,3.52,338.98,423.51,25.96,186.50,4.08,35.98,509.19,0.45,5.75,164.13,1.05,817.68,1586.17,92.33,1170.75,5.75,93.46,103.51,9.92,6.61,3.03,42.11,20.93,48.47,491.74,17.41,6.57,17.65,0.76,0.54,0.47,0.04,0.01,5.63,0.19,5.42,0.64,0.97,1.85,3.21,2.46,0.93,1.92,47.61,1.62,0.49,1.43,2.13,false
2025-12-27,,,,,,,,,,,,,,,,,,,,,,,,,,,,,,,,,,,,,,,,,,,,,,,,,,,,,,,,,,,,,false
2025-12-28,,,,,,,,,,,,,,,,,,,,,,,,,,,,,,,,,,,,,,,,,,,,,,,,,,,,,,,,,,,,,false
2025-12-29,,,,,,,,,,,,,,,,,,,,,,,,,,,,,,,,,,,,,,,,,,,,,,,,,,,,,,,,,,,,,false
2025-12-30,,,,,,,,,,,,,,,,,,,,,,,,,,,,,,,,,,,,,,,,,,,,,,,,,,,,,,,,,,,,,false
2025-12-31,,,,,,,,,,,,,,,,,,,,,,,,,,,,,,,,,,,,,,,,,,,,,,,,,,,,,,,,,,,,,false
2026-01-01,1117.91,3.52,0.00,33.67,45.47,1920.36,1.22,1.05,17.56,2.23,1.15,13.74,252.80,64.51,2.27,77.16,1.39,3.79,284.12,0.56,11.19,110.72,0.83,676.32,1036.77,107.23,1603.97,10.72,93.95,97.22,3.22,2.24,0.80,62.28,23.80,46.76,188.95,15.74,2.99,21.22,1.57,0.51,0.37,0.05,0.05,2.12,0.08,2.03,0.83,1.53,2.42,4.25,3.87,1.27,2.32,68.88,2.13,0.53,1.66,2.67,false
2026-01-02,,,,,,,,,,,,,,,,,,,,,,,,,,,,,,,,,,,,,,,,,,,,,,,,,,,,,,,,,,,,,false
2026-01-03,1542.63,9.16,0.00,53.60,166.42,2833.41,1.24,1.05,15.22,1.91,1.13,3.71,271.04,162.26,3.32,30.55,2.15,15.45,293.45,0.45,12.37,96.48,1.44,576.48,984.36,68.84,2152.72,7.90,136.27,142.89,5.97,4.24,1.37,83.50,44.59,70.80,216.24,12.29,5.05,32.89,1.07,0.52,0.49,0.01,0.00,4.20,0.03,4.16,0.53,0.91,1.42,2.58,1.96,0.71,1.53,72.84,1.21,0.40,1.04,1.62,false
2026-01-04,1191.86,3.52,0.00,19.85,53.41,2640.37,0.70,0.49,8.90,1.57,0.54,2.15,133.60,125.88,3.73,336.60,1.66,4.59,594.22,0.23,7.30,54.60,0.68,372.37,827.23,49.47,2076.58,1.99,116.55,121.89,5.29,1.89,0.39,40.68,24.72,51.81,123.14,8.71,4.18,21.89,0.39,1.61,0.18,0.83,0.39,2.49,0.73,1.75,0.36,0.74,1.23,2.19,1.97,0.68,1.20,53.01,1.07,0.32,0.93,1.41,false
2026-01-05,,,,,,,,,,,,,,,,,,,,,,,,,,,,,,,,,,,,,,,,,,,,,,,,,,,,,,,,,,,,,false
2026-01-06,0.00,0.00,0.00,0.00,,2365.90,0.00,0.00,0.00,0.00,0.00,0.00,0.00,0.00,0.00,0.00,0.00,0.00,0.00,0.00,0.00,0.00,0.00,0.00,0.00,0.00,0.00,0.00,0.00,0.00,0.00,,,0.00,0.00,0.00,0.00,0.00,0.00,0.00,0.00,0.00,,,,0.00,,,0.00,0.00,0.00,0.00,0.00,0.00,0.00,0.00,0.00,0.00,0.00,0.00,false
2026-01-07,0.00,0.00,0.00,0.00,,1419.54,0.00,0.00,0.00,0.00,0.00,0.00,0.00,0.00,0.00,0.00,0.00,0.00,0.00,0.00,0.00,0.00,0.00,0.00,0.00,0.00,0.00,0.00,0.00,0.00,0.00,,,0.00,0.00,0.00,0.00,0.00,0.00,0.00,0.00,0.00,,,,0.00,,,0.00,0.00,0.00,0.00,0.00,0.00,0.00,0.00,0.00,0.00,0.00,0.00,false
2026-01-08,,,,,,,,,,,,,,,,,,,,,,,,,,,,,,,,,,,,,,,,,,,,,,,,,,,,,,,,,,,,,false
2026-01-09,,,,,,,,,,,,,,,,,,,,,,,,,,,,,,,,,,,,,,,,,,,,,,,,,,,,,,,,,,,,,false
2026-01-10,1353.46,0.40,0.00,54.21,191.56,3018.19,0.56,1.09,10.47,3.43,1.44,5.82,159.57,347.59,39.79,81.98,4.97,96.63,617.29,0.57,6.63,147.36,1.48,616.46,2384.01,64.36,1731.82,8.01,128.94,146.52,17.19,9.34,2.64,12.28,64.16,57.14,510.95,15.43,7.86,21.72,1.11,1.04,0.96,0.04,0.00,5.79,0.09,4.51,0.66,1.35,2.32,3.76,3.64,1.20,2.11,71.90,2.03,0.56,1.67,2.68,false
2026-01-11,1610.52,0.30,0.00,37.05,143.22,3292.61,0.56,1.44,9.06,4.02,1.15,6.01,138.58,436.64,24.10,160.94,12.14,103.16,485.53,0.51,10.24,115.75,1.26,814.26,2110.91,88.90,1500.37,8.92,144.30,161.78,17.18,7.71,1.99,6.05,105.98,80.56,665.08,17.22,10.17,24.45,1.04,1.21,1.14,0.06,0.01,8.22,0.30,7.90,0.74,1.29,2.40,3.94,3.68,1.29,2.23,69.98,2.12,0.57,1.80,2.72,false
2026-01-12,1319.43,0.40,0.00,411.23,343.24,3363.04,0.79,1.08,13.03,4.27,1.87,5.17,349.08,644.91,71.73,73.05,9.71,331.18,523.66,0.94,7.74,209.18,2.16,615.12,2883.49,52.56,1041.32,8.46,89.36,112.32,22.34,17.02,4.69,20.77,56.61,74.29,330.80,30.82,13.65,21.64,0.94,1.63,1.61,0.02,0.00,10.94,0.17,10.75,0.60,1.26,2.07,3.38,3.33,1.04,1.99,62.66,1.85,0.51,1.44,2.33,false
2026-01-13,1483.43,0.00,0.00,49.18,330.53,804.04,0.70,0.73,4.14,2.62,1.00,1.03,284.94,335.90,76.58,49.26,2.74,103.58,584.50,1.70,13.97,365.23,3.85,968.52,1981.20,23.35,2217.06,6.90,181.25,212.16,30.48,14.69,2.02,58.28,62.10,54.88,26.58,16.51,9.33,11.11,0.27,0.65,0.46,0.03,0.00,3.48,0.01,1.67,0.35,0.75,1.20,2.14,1.76,0.58,1.37,53.47,1.03,0.34,0.79,1.45,false
2026-01-14,,,,,,,,,,,,,,,,,,,,,,,,,,,,,,,,,,,,,,,,,,,,,,,,,,,,,,,,,,,,,false
2026-01-15,1439.88,0.00,0.00,24.80,133.90,1561.82,0.57,1.06,10.18,3.84,1.04,6.82,224.09,775.30,44.27,258.79,11.97,82.98,631.13,0.77,7.68,226.10,1.59,800.72,2576.19,45.53,3244.01,4.51,89.48,107.79,18.17,6.51,2.75,9.77,45.49,92.61,178.18,41.55,12.94,26.87,1.25,1.30,0.57,0.44,0.19,7.27,0.05,3.41,0.45,1.15,1.95,3.52,3.22,1.07,1.94,60.37,1.76,0.53,1.54,2.29,false
2026-01-16,756.53,0.00,0.00,504.46,174.89,3089.92,0.82,0.79,6.77,3.04,1.03,1.33,273.74,2063.53,55.25,53.12,3.04,164.83,582.56,0.74,5.92,170.80,2.15,627.48,2072.91,23.78,1997.30,4.13,99.73,115.44,15.47,8.80,4.44,49.88,41.40,18.10,41.23,4.11,3.47,7.91,0.45,0.39,0.38,0.00,0.00,2.68,0.00,2.64,0.29,0.72,1.27,2.19,1.51,0.56,1.40,37.34,1.17,0.46,1.04,1.50,false
2026-01-17,1599.78,10.56,0.00,29.38,16.68,3234.17,0.55,0.92,2.47,2.72,0.58,2.12,136.20,649.53,70.61,302.04,8.81,47.11,753.94,0.37,8.22,110.73,0.56,624.68,2479.00,45.16,2196.58,3.98,118.33,127.99,9.47,4.88,0.48,0.11,47.32,85.11,628.17,16.39,4.66,31.24,0.73,0.40,0.37,0.02,0.01,3.26,0.08,3.18,0.40,0.73,1.52,2.51,1.99,0.78,1.48,67.21,1.34,0.45,1.24,1.84,false
2026-01-18,,,,,,,,,,,,,,,,,,,,,,,,,,,,,,,,,,,,,,,,,,,,,,,,,,,,,,,,,,,,,false
2026-01-19,1005.08,0.00,0.00,34.34,129.22,2692.16,0.71,0.56,5.40,1.34,0.44,1.02,136.72,122.51,25.34,29.69,1.99,33.58,606.58,0.31,7.00,76.66,1.28,404.17,1624.55,26.22,3614.37,2.72,129.23,139.39,10.13,5.52,1.97,40.36,47.97,30.84,49.22,3.52,2.83,14.00,0.38,0.37,0.37,0.00,0.00,2.33,0.00,2.33,0.22,0.51,0.93,1.61,0.94,0.42,0.96,51.27,0.79,0.34,0.79,1.10,false
2026-01-20,1429.37,0.00,0.00,377.19,161.85,1661.09,0.49,0.54,5.16,3.36,1.23,0.70,221.09,228.20,82.30,52.24,6.63,210.24,393.52,0.76,6.77,188.02,1.88,336.88,3063.29,16.51,1960.36,2.51,155.88,178.17,22.03,11.00,3.88,20.24,87.80,69.07,151.24,25.93,9.95,19.01,0.12,0.82,0.76,0.01,0.00,6.43,0.05,6.28,0.23,0.47,0.67,1.17,0.97,0.32,0.77,48.10,0.61,0.17,0.46,0.79,false
2026-01-21,1117.83,0.00,0.00,80.09,837.90,3364.68,1.12,0.89,10.91,5.00,1.19,0.76,328.98,481.48,130.34,43.59,5.77,274.57,1105.56,1.06,14.33,266.73,5.13,794.28,2303.22,65.19,892.83,5.99,150.97,170.97,19.63,13.74,3.32,84.60,54.54,31.12,14.54,6.29,11.75,6.38,0.16,1.42,1.42,0.00,0.00,10.07,0.00,10.06,0.35,1.13,1.98,3.45,2.21,0.71,2.11,52.12,1.79,0.56,1.61,2.27,false
2026-01-22,1206.69,0.00,0.00,155.13,371.76,3288.97,0.88,0.92,11.32,3.79,1.70,7.47,375.73,1529.48,253.80,196.23,6.30,90.29,536.11,1.13,9.43,267.28,2.62,804.71,3178.98,44.30,2359.06,5.55,108.29,138.18,29.48,19.81,4.69,40.08,54.96,47.67,133.17,20.83,7.83,14.47,0.28,1.35,0.47,0.45,0.18,4.50,0.04,3.14,0.53,1.29,2.11,3.73,3.58,1.16,2.20,65.91,1.90,0.60,1.59,2.55,false
2026-01-23,1011.00,6.34,0.00,30.89,28.04,3600.40,0.58,1.34,4.59,4.51,1.23,2.82,176.04,504.50,62.93,410.44,8.05,77.53,354.90,0.61,4.26,157.82,0.80,806.46,2085.80,95.83,890.83,4.15,46.37,54.27,7.38,6.90,0.48,0.21,38.16,61.59,638.42,26.46,8.61,20.01,0.48,1.53,0.62,0.55,0.19,6.60,0.23,5.93,0.77,1.36,2.53,4.25,4.14,1.47,2.39,53.83,2.33,0.62,1.91,2.90,false
2026-01-24,952.21,0.00,0.00,3.75,3.63,1392.30,0.11,0.22,0.63,0.59,0.14,0.66,7.26,41.76,9.80,46.85,0.76,23.72,405.17,0.06,2.51,21.90,0.51,138.95,637.67,2.44,581.39,0.62,102.37,109.78,7.40,2.63,0.28,0.04,27.20,9.53,22.14,0.90,0.31,4.30,0.14,0.09,0.08,0.00,0.00,0.22,0.00,0.21,0.03,0.13,0.24,0.46,0.38,0.12,0.23,24.34,0.21,0.06,0.21,0.29,false
2026-01-25,1453.15,0.00,0.00,25.16,113.52,1820.45,0.43,0.78,9.76,3.47,1.22,6.79,160.42,196.45,75.55,70.37,5.25,84.14,865.30,0.70,8.25,141.54,1.54,543.57,2643.57,33.30,1673.72,9.30,124.07,174.58,50.29,9.40,2.76,3.94,63.01,64.28,148.86,21.20,3.37,21.83,0.92,0.39,0.22,0.00,0.00,2.66,0.05,2.33,0.42,1.32,1.89,3.38,3.32,1.03,1.81,77.64,1.67,0.31,1.41,2.19,false
2026-01-26,1036.15,0.00,0.00,30.46,65.63,1594.78,0.32,1.06,3.96,3.74,0.85,1.95,165.59,292.96,36.99,126.85,5.47,25.67,435.24,1.17,9.16,205.16,1.93,768.59,2212.32,46.17,2729.14,3.64,94.41,111.07,16.56,7.04,3.59,10.86,47.16,45.32,442.14,9.80,4.71,12.77,0.19,0.13,0.13,0.00,0.00,0.64,0.01,0.63,0.44,0.90,1.61,2.82,2.41,0.79,1.68,56.72,1.41,0.40,1.33,1.98,false
2026-01-27,250.00,0.00,0.00,0.00,,946.36,0.00,0.00,0.00,0.00,0.00,0.00,0.00,0.00,0.00,0.00,0.00,0.00,140.08,0.00,0.40,0.00,0.00,0.00,618.08,0.00,179.88,0.00,28.51,31.00,2.49,,,0.00,14.00,8.00,5.00,5.00,2.00,0.50,0.00,0.00,,,,0.00,,,0.00,0.00,0.00,0.00,0.00,0.00,0.00,14.00,0.00,0.00,0.00,0.00,false
2026-01-28,1317.87,0.18,2.16,34.63,196.70,1853.70,0.50,0.63,4.42,2.75,0.69,1.37,186.13,219.63,48.20,53.43,6.14,53.22,368.52,0.58,3.43,113.90,0.84,423.51,1567.93,12.07,826.55,2.99,148.78,159.61,10.48,8.15,2.33,15.17,38.03,69.66,49.41,22.18,4.55,17.29,0.60,0.37,0.36,0.00,0.00,3.84,0.01,3.81,0.18,0.42,0.79,1.42,1.18,0.39,0.84,30.53,0.69,0.22,0.64,0.97,false
2026-01-29,698.02,0.00,0.00,18.76,117.32,1170.03,0.56,0.45,7.42,2.10,0.56,6.87,142.52,719.51,28.25,318.92,7.75,80.41,350.28,0.38,5.13,75.75,0.55,355.09,1592.01,33.75,1499.46,2.07,31.81,43.80,11.92,6.23,1.80,0.49,18.03,39.11,99.82,19.92,5.89,7.07,0.11,0.98,0.27,0.44,0.18,3.45,0.04,3.39,0.29,0.64,1.17,2.05,2.16,0.74,1.07,47.66,1.11,0.30,0.89,1.33,false
2026-01-30,1264.05,5.64,0.00,96.69,1230.39,1902.35,0.98,0.65,4.93,3.11,1.22,0.66,563.31,394.39,178.44,50.85,5.97,298.77,570.59,1.03,11.94,239.27,2.41,787.71,2431.07,16.55,2298.62,5.28,144.38,168.23,22.80,19.15,3.65,57.73,72.06,42.64,44.64,13.31,8.18,15.90,0.20,0.96,0.94,0.01,0.00,7.04,0.00,7.04,0.40,0.94,1.36,2.31,2.18,0.42,1.49,52.86,1.18,0.33,0.90,1.57,false
2026-01-31,236.20,0.00,0.00,0.00,,946.36,0.00,0.00,0.00,0.00,0.00,0.00,0.00,0.00,0.00,0.00,0.00,0.00,194.60,0.00,5.40,23.10,0.00,39.60,770.60,0.00,235.70,0.00,19.99,33.99,14.00,,,0.00,15.01,9.00,0.00,0.00,0.00,3.50,0.00,0.00,,,,0.00,,,0.00,0.00,0.00,0.00,0.00,0.00,0.00,12.00,0.00,0.00,0.00,0.00,false
2026-02-01,1591.01,38.06,0.00,13.45,59.36,3416.52,0.59,0.76,10.94,3.55,1.06,4.41,139.64,412.13,35.55,760.65,3.22,38.59,578.63,0.29,3.79,95.09,1.02,628.90,1693.87,74.35,1413.48,2.72,143.43,151.45,7.92,4.28,0.64,2.85,70.13,54.73,316.93,10.25,10.96,17.57,0.56,3.99,1.13,1.67,0.79,6.87,1.52,5.34,0.51,1.24,2.16,3.76,3.71,1.24,1.93,66.09,1.93,0.52,1.68,2.52,false
2026-02-02,145.00,0.00,0.00,0.00,,709.77,0.30,0.00,0.00,0.00,0.40,0.00,0.00,189.81,19.00,164.00,3.10,0.00,10.00,0.00,0.50,0.00,0.00,0.00,248.00,0.00,1005.00,0.00,18.50,21.00,2.50,,,0.00,8.00,3.00,0.00,0.00,0.00,0.00,0.00,0.00,,,,0.00,,,0.00,0.00,0.00,0.00,0.00,0.00,0.00,11.00,0.00,0.00,0.00,0.00,false
2026-02-03,300.29,0.00,0.00,9.92,7.08,1162.25,0.42,0.15,1.28,0.75,0.73,0.20,26.51,212.60,42.42,164.00,3.93,21.35,66.60,0.18,0.91,43.45,0.78,103.82,588.03,5.15,136.24,0.50,57.39,64.04,6.65,3.74,0.90,4.35,37.12,4.62,3.75,0.31,0.28,0.73,0.03,0.10,0.10,0.00,0.00,0.17,0.00,0.17,0.04,0.20,0.28,0.55,0.43,0.13,0.30,8.52,0.24,0.07,0.26,0.37,false
2026-02-04,784.77,0.00,0.00,8.27,46.63,1166.71,0.16,0.34,0.85,0.82,0.18,0.86,21.33,91.91,7.22,47.53,0.82,20.29,506.28,0.12,5.74,31.96,0.56,221.42,1187.05,8.92,265.35,0.98,62.50,79.00,16.49,2.15,0.34,2.84,37.22,35.57,58.38,6.64,7.69,9.31,0.31,0.66,0.65,0.00,0.00,3.01,0.01,3.00,0.08,0.28,0.51,0.97,0.78,0.24,0.50,46.65,0.44,0.13,0.48,0.62,false
2026-02-05,1181.84,0.00,0.00,45.00,419.28,1166.76,1.44,1.70,22.72,9.66,1.40,0.86,311.31,206.02,93.68,79.91,5.73,65.80,659.59,2.17,24.69,189.60,1.96,652.04,3571.05,52.10,978.85,5.00,132.55,163.01,27.43,19.14,4.00,40.96,82.34,46.84,43.70,17.97,4.35,13.91,0.19,0.36,0.35,0.00,0.00,3.77,0.01,3.75,0.21,0.67,0.90,1.90,1.28,0.43,1.03,39.19,0.92,0.26,0.70,1.44,false
2026-02-06,,,,,,,,,,,,,,,,,,,,,,,,,,,,,,,,,,,,,,,,,,,,,,,,,,,,,,,,,,,,,false
2026-02-07,807.62,9.98,0.00,32.43,148.88,1719.14,1.20,0.95,9.42,1.85,0.78,12.79,176.81,217.03,23.74,91.85,2.58,6.68,516.72,0.53,17.43,104.04,0.63,569.38,1519.75,54.71,1918.49,5.73,76.98,85.14,8.09,2.98,1.05,44.90,22.88,25.45,210.16,6.31,1.77,9.85,0.39,0.21,0.08,0.06,0.05,1.37,0.07,1.17,0.36,0.62,1.18,2.27,1.75,0.61,1.15,45.59,1.13,0.32,0.94,1.27,false
2026-02-08,,,,,,,,,,,,,,,,,,,,,,,,,,,,,,,,,,,,,,,,,,,,,,,,,,,,,,,,,,,,,false
2026-02-09,,,,,,,,,,,,,,,,,,,,,,,,,,,,,,,,,,,,,,,,,,,,,,,,,,,,,,,,,,,,,false
2026-02-10,,,,,,,,,,,,,,,,,,,,,,,,,,,,,,,,,,,,,,,,,,,,,,,,,,,,,,,,,,,,,false
2026-02-11,,,,,,,,,,,,,,,,,,,,,,,,,,,,,,,,,,,,,,,,,,,,,,,,,,,,,,,,,,,,,false
2026-02-12,,,,,,,,,,,,,,,,,,,,,,,,,,,,,,,,,,,,,,,,,,,,,,,,,,,,,,,,,,,,,false
2026-02-13,,,,,,,,,,,,,,,,,,,,,,,,,,,,,,,,,,,,,,,,,,,,,,,,,,,,,,,,,,,,,false
2026-02-14,,,,,,,,,,,,,,,,,,,,,,,,,,,,,,,,,,,,,,,,,,,,,,,,,,,,,,,,,,,,,false
2026-02-15,,,,,,,,,,,,,,,,,,,,,,,,,,,,,,,,,,,,,,,,,,,,,,,,,,,,,,,,,,,,,false
2026-02-16,,,,,,,,,,,,,,,,,,,,,,,,,,,,,,,,,,,,,,,,,,,,,,,,,,,,,,,,,,,,,false
2026-02-17,130.00,0.00,0.00,0.00,,946.36,0.30,0.00,0.00,0.00,0.40,0.00,0.00,189.81,19.00,164.00,3.10,0.00,10.00,0.00,0.50,0.00,0.00,0.00,60.00,0.00,55.00,0.00,17.00,20.00,3.00,,,0.00,6.00,5.00,0.00,0.00,0.00,0.00,0.00,0.00,,,,0.00,,,0.00,0.00,0.00,0.00,0.00,0.00,0.00,3.00,0.00,0.00,0.00,0.00,false
2026-02-18,961.52,0.00,0.00,2.35,2.43,1603.63,0.04,0.14,0.38,0.32,0.07,0.20,8.25,73.39,6.56,90.00,0.50,15.63,511.62,0.05,4.39,8.67,0.35,74.09,1223.81,5.12,683.24,0.29,97.73,115.68,17.94,1.76,0.19,0.02,75.81,31.18,60.35,3.26,4.15,10.33,0.03,0.05,0.05,0.00,0.00,0.09,0.00,0.09,0.03,0.14,0.25,0.48,0.38,0.12,0.25,56.44,0.22,0.06,0.25,0.32,false
2026-02-19,1400.54,0.00,0.00,33.27,242.18,1877.83,0.58,0.45,4.70,1.18,0.37,0.26,159.40,151.58,26.20,64.14,2.02,30.19,429.92,0.29,10.21,57.63,1.11,180.46,1520.04,22.12,2204.39,1.09,134.90,158.77,23.78,5.04,1.75,44.19,66.15,62.71,69.30,6.69,5.66,25.58,0.08,0.54,0.53,0.00,0.00,4.48,0.01,4.48,0.20,0.34,0.53,0.99,0.59,0.23,0.61,58.87,0.43,0.15,0.44,0.64,false
2026-02-20,1074.40,0.00,0.00,0.00,,1737.60,0.00,0.00,0.00,0.00,0.00,0.00,0.00,35.00,0.00,60.00,0.00,0.00,510.60,0.00,8.48,0.00,0.00,0.00,1622.60,0.00,1281.00,0.00,87.00,118.00,31.00,,,0.00,65.50,42.00,49.40,4.00,6.00,13.50,0.00,4.30,,,,0.00,,,0.00,0.00,0.00,0.00,0.00,0.00,0.00,65.00,0.00,0.00,0.00,0.00,false
2026-02-21,1490.42,0.00,0.00,30.27,125.78,2231.35,0.61,1.26,6.32,4.98,1.53,1.98,200.77,417.67,72.04,377.98,8.48,98.46,804.18,0.79,5.22,179.49,1.41,755.39,2692.52,87.87,2346.11,3.58,124.38,181.51,56.72,11.56,2.92,4.53,103.70,70.13,484.23,24.09,11.09,20.40,0.16,1.38,0.58,0.53,0.19,5.83,0.15,5.64,0.67,1.44,2.46,4.28,4.10,1.38,2.37,75.80,2.26,0.61,1.96,2.87,false
2026-02-22,1030.06,0.00,0.00,100.77,149.91,1980.86,0.65,1.02,8.47,4.26,1.64,1.35,222.57,1621.43,80.37,312.89,8.34,99.69,513.68,0.87,3.02,192.59,1.55,737.04,3249.61,59.74,1854.92,3.56,96.16,116.94,20.03,15.33,3.72,6.74,78.13,40.59,89.56,18.98,4.57,11.36,0.39,1.14,0.38,0.49,0.18,2.88,0.00,2.84,0.54,1.35,2.20,3.91,3.83,1.17,2.06,61.85,2.20,0.55,1.78,2.63,false
2026-02-23,1428.30,0.40,0.00,53.30,206.33,2395.36,0.62,0.70,10.55,2.00,1.47,4.43,110.05,251.99,40.47,121.98,4.57,122.67,666.97,0.81,9.35,122.09,1.43,412.70,2925.41,34.55,1955.01,6.61,136.03,161.28,24.58,10.47,2.47,11.65,91.54,56.73,157.06,14.38,10.31,20.00,0.85,0.89,0.89,0.00,0.00,4.55,0.09,4.45,0.39,1.06,1.57,2.61,2.68,0.78,1.44,84.15,1.41,0.41,1.15,1.82,false
2026-02-24,1321.91,0.40,0.00,56.00,193.26,2221.71,0.64,1.49,10.96,4.69,1.71,6.43,191.31,493.18,45.65,200.57,6.09,104.76,636.57,0.67,6.53,155.87,1.58,753.57,2113.22,91.28,1777.92,8.55,94.05,107.71,13.26,9.59,3.02,15.34,64.66,70.25,707.28,18.13,11.48,28.86,0.99,1.37,1.30,0.06,0.01,9.14,0.31,8.82,0.85,1.73,2.98,4.96,4.63,1.54,2.82,70.15,2.62,0.71,2.31,3.45,false
2026-02-25,1345.35,0.00,0.00,6.45,3.24,2767.97,0.19,0.51,0.78,1.29,0.22,1.80,15.55,121.69,8.75,93.70,0.80,21.92,1055.26,0.06,6.57,40.86,0.46,353.47,2709.65,9.00,1535.85,1.79,132.01,157.61,25.59,2.34,0.25,0.03,93.52,51.55,110.72,6.92,5.64,18.74,0.57,0.17,0.16,0.00,0.00,0.43,0.01,0.42,0.09,0.40,0.76,1.41,1.22,0.38,0.69,76.32,0.65,0.19,0.67,0.96,true
2026-02-26,1141.26,0.00,0.00,29.82,231.49,2309.75,0.77,1.18,9.12,4.75,1.33,8.44,252.76,944.02,35.46,461.34,8.53,105.34,492.73,0.54,7.17,121.55,0.79,646.85,2083.58,67.99,1931.47,4.04,45.60,108.25,62.52,9.71,3.59,0.92,25.45,68.12,470.14,23.20,12.21,16.93,0.22,1.28,0.52,0.47,0.19,7.26,0.19,7.03,0.63,1.05,2.05,3.48,3.37,1.23,1.94,64.68,1.90,0.50,1.56,2.34,false
2026-02-27,1172.80,0.00,0.00,19.17,14.59,1811.56,0.27,0.44,12.16,1.32,0.72,3.54,70.08,209.70,44.92,96.85,4.30,48.44,593.73,0.34,6.00,91.22,0.77,469.97,1656.59,78.66,1781.59,2.65,96.61,102.74,5.95,5.43,0.52,0.13,63.90,55.08,119.64,22.97,2.11,20.03,0.30,0.21,0.19,0.00,0.00,1.66,0.00,1.51,0.29,0.82,1.39,2.44,2.39,0.81,1.27,69.54,1.32,0.40,1.09,1.58,false
2026-02-28,1908.24,10.56,0.00,26.77,322.25,2626.78,1.12,0.89,18.27,3.98,1.43,24.44,294.43,310.01,17.20,609.30,7.17,22.21,750.47,1.91,15.96,158.83,0.75,788.95,2589.98,158.02,1911.73,4.95,117.45,138.84,21.35,4.53,2.76,55.54,31.67,97.59,408.54,22.51,11.12,32.91,0.31,4.34,0.95,1.97,0.97,6.65,1.51,5.13,0.87,1.61,2.91,5.01,4.92,1.62,2.65,97.88,2.75,0.77,2.15,3.15,false
2026-03-01,1332.15,0.00,0.00,1.40,0.00,1991.19,0.48,0.56,10.93,2.74,1.03,14.56,49.88,163.86,26.74,643.32,4.06,8.63,350.04,0.86,8.39,79.12,0.05,609.19,1612.40,94.28,1719.93,2.67,122.37,127.97,5.60,0.00,0.00,2.25,56.55,60.98,240.74,15.78,7.06,17.26,0.24,3.35,0.24,1.81,0.87,3.66,1.47,2.19,0.50,1.25,2.19,3.84,4.05,1.26,1.89,71.04,2.07,0.54,1.72,2.43,false
2026-03-02,1394.79,55.71,0.00,18.42,106.17,2644.65,1.07,1.03,19.59,3.79,2.36,8.98,226.54,633.68,64.76,811.27,9.43,92.39,292.49,0.86,7.03,165.81,0.53,1001.50,2380.37,128.79,473.11,15.97,31.34,41.98,10.56,6.56,2.02,0.24,19.05,54.56,339.81,25.86,8.59,11.42,0.55,3.25,0.37,1.67,0.80,5.00,1.45,3.51,0.96,2.80,4.16,7.61,8.42,2.49,3.70,93.95,3.98,1.01,3.30,4.47,false
2026-03-03,1167.03,0.00,0.00,283.46,189.77,2832.06,0.61,0.87,10.13,3.20,1.74,9.58,229.40,924.12,44.16,228.26,6.32,370.69,730.64,0.69,8.61,175.97,1.97,553.72,2571.88,47.47,2861.68,3.64,86.42,103.58,17.04,10.92,3.23,16.36,57.23,50.02,181.04,15.75,13.98,12.80,0.32,1.97,1.25,0.44,0.18,10.46,0.07,10.38,0.96,1.36,3.21,5.47,5.11,1.51,2.31,88.00,3.14,0.77,1.92,3.39,false
2026-03-04,1367.93,0.00,0.00,26.16,111.02,2916.79,0.32,0.47,4.01,2.39,0.74,1.14,126.29,190.80,59.29,86.85,3.35,49.58,825.44,0.42,7.06,101.44,1.00,345.87,2675.71,6.92,1532.23,2.30,95.02,117.88,22.78,8.50,2.79,4.05,55.14,58.84,218.58,12.84,6.98,17.09,0.43,0.24,0.24,0.00,0.00,1.50,0.00,1.48,0.63,0.81,2.17,3.68,3.30,0.82,1.36,105.42,2.16,0.50,1.16,2.24,false
2026-03-05,1657.96,0.00,0.00,34.34,423.54,3198.58,0.68,1.20,4.22,2.51,0.94,1.77,267.53,365.72,38.63,179.48,5.84,34.71,690.20,1.32,16.71,427.34,3.74,1205.23,2787.00,47.53,2100.40,8.00,110.55,133.41,22.66,5.30,0.41,65.51,27.08,83.09,567.45,13.57,12.36,21.93,0.21,0.74,0.32,0.09,0.01,11.31,0.15,7.54,1.17,1.50,3.33,5.57,4.78,1.54,2.75,108.11,3.16,0.88,1.91,3.51,false
2026-03-06,1546.11,0.00,0.00,1334.16,163.85,3221.12,0.96,1.78,6.11,4.06,0.97,3.47,363.97,770.02,57.92,209.60,6.50,589.44,1029.41,0.43,9.77,213.69,1.63,915.64,2354.48,81.96,2969.49,5.67,108.15,120.45,12.23,5.53,2.58,40.89,48.95,78.11,755.82,12.58,9.10,29.83,0.70,1.15,1.07,0.06,0.01,7.64,0.23,7.39,0.74,1.30,2.61,4.37,3.15,1.31,2.58,89.65,2.26,0.78,2.19,3.03,false
2026-03-07,1324.02,0.00,0.00,4.90,202.63,2460.54,0.39,1.08,23.36,3.97,1.34,6.70,166.67,209.26,16.80,348.47,11.23,56.29,631.73,0.54,8.31,180.44,0.37,672.85,2492.57,170.55,2383.48,3.83,55.72,101.49,45.51,7.23,3.40,0.65,42.74,66.46,323.15,28.62,9.22,13.17,0.17,0.44,0.40,0.03,0.01,4.51,0.11,4.37,1.22,2.02,4.21,7.22,7.16,2.15,3.15,120.91,4.10,1.00,2.68,4.49,false
2026-03-08,1600.91,0.00,0.00,29.77,99.56,1604.48,0.42,1.19,7.63,3.81,0.72,8.74,122.77,696.15,17.36,381.06,4.62,53.07,651.51,0.41,11.86,96.50,1.04,642.09,3492.12,74.80,3212.94,3.66,91.26,139.74,48.40,6.95,1.46,1.34,35.86,73.31,661.54,15.60,7.19,21.83,0.17,1.17,0.40,0.48,0.19,5.42,0.23,5.17,0.69,1.09,2.16,3.65,3.47,1.31,2.03,125.58,1.99,0.52,1.65,2.45,false
2026-03-09,1522.41,13.93,0.00,22.88,25.69,3198.05,0.77,1.16,9.39,2.70,1.18,14.39,226.53,246.96,44.13,97.28,3.56,94.79,551.90,1.54,14.65,248.45,2.05,883.53,2547.12,99.33,1123.75,11.51,105.75,125.84,19.90,3.73,0.99,56.10,35.60,60.02,404.77,17.47,6.70,19.06,1.41,1.19,0.71,0.20,0.09,5.20,0.13,3.27,0.87,1.79,2.75,4.67,4.52,1.50,2.60,100.85,2.56,0.72,1.95,2.99,false
2026-03-10,1610.07,0.02,0.00,61.53,173.67,3209.80,0.63,0.71,10.62,3.15,2.82,9.40,317.54,1589.97,233.63,210.92,5.79,159.90,581.92,0.75,11.28,152.63,1.82,508.04,3431.19,40.24,2935.96,6.09,108.40,137.37,28.59,14.44,3.76,5.72,79.51,70.15,102.32,10.98,5.80,15.65,0.09,1.02,0.30,0.44,0.18,3.15,0.04,3.10,0.94,1.23,2.92,4.95,4.71,1.35,2.04,127.46,3.04,0.68,1.64,3.04,false
2026-03-11,1679.04,0.00,0.00,27.32,114.54,2343.67,0.57,0.69,8.52,3.24,1.39,3.10,151.93,326.86,70.33,195.94,6.83,64.85,907.55,0.58,10.56,202.26,1.22,643.30,3891.07,69.09,1021.07,3.39,107.20,145.24,37.82,9.94,2.89,4.53,71.04,68.09,170.33,22.58,8.87,18.47,0.31,0.62,0.32,0.26,0.01,2.87,0.04,2.82,1.04,1.92,3.88,6.74,6.79,1.96,2.85,139.14,3.82,0.92,2.41,4.09,false
2026-03-12,1562.23,0.00,0.00,56.41,241.68,1877.44,0.37,0.97,7.31,3.10,0.65,1.14,138.34,435.41,28.30,54.95,3.15,76.59,734.39,0.62,12.95,114.73,1.43,465.98,3038.05,39.46,2308.46,6.15,139.92,167.07,26.18,8.66,1.40,18.83,48.60,61.98,100.39,14.11,4.08,20.55,0.48,0.36,0.36,0.00,0.00,3.53,0.00,3.53,0.19,0.55,0.87,1.58,1.21,0.41,0.90,94.65,0.80,0.26,0.71,1.46,false
2026-03-13,1549.23,0.00,0.00,19.87,113.22,3042.40,0.43,1.21,3.76,5.32,1.18,2.32,258.46,332.92,141.27,433.54,4.50,84.31,927.44,0.35,8.53,111.02,1.22,536.91,3311.92,52.73,2361.26,3.25,73.57,100.61,26.85,11.33,3.53,4.82,56.82,79.72,707.26,17.04,9.29,29.64,0.23,1.06,0.99,0.06,0.01,6.01,0.23,5.75,0.55,0.76,1.52,2.48,2.11,0.81,1.49,106.51,1.35,0.37,1.12,1.77,false
2026-03-14,1526.06,0.02,0.00,51.64,68.79,3321.01,0.63,0.64,13.47,3.05,1.29,11.47,126.00,770.80,84.65,594.11,3.83,50.66,697.72,0.72,8.36,204.70,1.81,581.20,4730.84,40.49,4050.49,2.56,124.33,147.14,22.47,10.25,2.23,9.97,98.94,49.64,231.14,6.44,5.90,11.07,0.11,1.63,0.23,0.86,0.35,2.11,0.07,2.03,0.40,0.98,1.54,2.65,2.76,1.00,1.43,136.45,1.54,0.41,1.08,1.82,false
2026-03-15,1842.70,0.00,0.00,13.98,241.28,3982.08,0.79,1.16,7.50,4.93,1.49,1.44,344.97,1826.38,77.38,136.44,9.91,55.28,820.32,1.10,13.14,350.77,3.11,835.06,4022.35,43.29,2119.11,5.80,164.60,230.39,65.71,16.12,5.80,60.94,79.44,70.43,441.65,18.89,9.03,20.50,0.13,0.88,0.56,0.08,0.01,8.06,0.15,5.18,1.06,1.29,2.97,4.90,4.30,1.32,2.27,113.22,2.84,0.73,1.61,3.10,false
2026-03-16,1649.84,0.00,0.00,363.94,27.56,3458.75,0.72,0.67,15.41,2.61,1.70,5.51,210.47,1159.15,92.56,275.89,9.94,678.75,864.94,1.11,11.01,223.82,1.74,840.49,3107.73,143.01,2568.72,5.16,140.78,169.72,28.65,9.93,1.61,4.59,51.41,50.57,491.12,11.26,3.14,9.60,0.18,0.97,0.72,0.19,0.05,1.97,0.02,1.95,1.30,2.27,4.81,8.43,8.58,2.45,3.80,145.84,4.49,1.14,3.24,4.90,false
2026-03-17,1885.99,0.02,2.81,23.19,52.15,3960.27,0.67,0.84,28.89,2.60,1.44,14.79,81.71,608.89,42.79,456.62,3.87,46.30,499.14,0.64,7.99,157.62,0.60,769.87,3434.39,161.50,1557.98,3.19,153.28,170.70,17.05,5.24,0.39,3.02,99.61,67.75,183.56,4.30,2.66,27.40,0.28,1.90,0.10,1.20,0.40,0.46,0.08,0.38,0.74,1.81,2.94,5.10,5.66,1.94,2.59,159.41,2.86,0.78,2.17,3.33,false
2026-03-18,1721.42,0.00,0.00,36.37,119.67,3263.95,0.45,0.80,4.82,3.66,0.99,1.69,194.11,373.94,82.23,126.23,6.55,74.11,751.21,0.63,10.19,142.37,1.31,502.65,4481.64,22.53,2447.26,3.37,95.12,129.14,33.71,11.29,2.93,3.96,66.78,84.71,343.97,20.78,4.25,26.49,0.45,0.41,0.37,0.02,0.00,3.43,0.00,2.82,0.80,0.97,2.56,4.30,3.83,1.05,1.79,133.25,2.52,0.60,1.43,2.66,false
2026-03-19,1612.69,0.00,0.00,38.68,142.60,3140.64,0.66,1.07,17.20,4.47,1.42,16.59,200.39,1401.57,29.80,509.17,4.89,102.31,654.52,0.76,11.08,190.48,1.39,837.01,3896.67,99.51,3206.48,4.24,89.71,115.30,25.48,9.81,2.69,4.88,72.83,64.59,437.42,14.69,8.17,20.89,0.23,2.31,0.37,1.29,0.42,4.70,0.14,4.54,0.77,1.76,3.02,5.37,5.55,1.81,2.78,153.02,2.79,0.73,2.33,3.41,false
2026-03-20,1408.24,0.00,0.00,38.24,146.42,3468.82,0.65,1.16,16.18,4.63,1.36,16.64,144.14,1291.63,41.53,556.54,5.39,67.03,504.20,0.68,8.92,174.43,1.27,801.20,3349.82,83.43,2815.10,4.08,92.15,112.79,20.47,9.15,2.83,4.57,76.58,50.29,308.28,16.22,10.89,11.92,0.32,2.61,0.66,1.29,0.42,7.12,0.15,6.95,1.16,2.00,4.17,7.18,6.98,2.08,3.13,134.86,4.07,0.97,2.68,4.47,false
2026-03-21,1751.97,24.36,6.33,109.36,424.16,3239.69,0.51,1.03,8.86,3.05,1.28,32.89,146.21,387.19,52.17,67.72,7.44,52.16,847.73,3.74,17.50,288.93,1.56,1018.06,4308.40,155.09,1564.94,8.53,95.70,119.80,23.70,8.57,1.05,15.45,66.61,71.74,489.99,23.68,9.34,20.84,0.73,1.36,0.38,0.59,0.32,7.57,0.09,7.48,1.34,1.79,4.40,7.29,6.93,2.02,3.32,124.86,4.37,1.09,2.81,4.49,false
2026-03-22,1544.56,0.00,0.00,57.07,133.81,3465.32,0.49,0.94,7.09,3.84,1.32,35.57,161.99,318.00,76.42,383.42,8.90,59.45,1479.53,2.21,15.63,425.07,1.88,1121.20,4339.08,110.55,2593.25,5.92,115.13,140.28,24.95,10.04,2.11,13.91,79.69,49.92,487.40,5.93,4.16,17.15,0.39,2.64,0.30,0.31,0.18,2.16,0.05,2.11,0.62,1.09,2.13,3.56,3.36,1.11,1.95,147.30,2.00,0.54,1.59,2.36,false
2026-03-23,1693.91,0.00,0.00,22.38,207.14,2257.73,0.66,1.40,10.22,5.31,1.55,16.38,326.46,306.13,69.77,599.55,11.30,143.39,1258.10,0.90,13.34,465.63,2.46,1316.60,3912.32,72.70,1286.52,9.65,97.75,131.07,33.22,11.50,4.47,36.49,46.16,74.67,563.83,22.66,7.09,22.74,0.48,0.65,0.43,0.05,0.01,5.22,0.10,3.29,0.84,1.67,2.59,4.40,4.21,1.44,2.49,135.96,2.28,0.53,1.82,2.92,false
2026-03-24,1653.08,0.00,0.00,39.45,148.48,2356.34,0.79,1.24,18.60,4.86,1.52,31.66,198.84,1680.33,47.89,524.00,5.28,105.16,1339.12,0.60,12.37,408.70,1.42,1285.37,4274.41,83.65,3671.75,3.88,89.48,117.64,28.00,10.24,2.88,4.83,67.14,57.09,315.67,15.93,9.07,15.76,0.37,2.71,0.40,1.53,0.49,4.81,0.15,4.64,1.20,2.09,4.27,7.36,7.25,2.16,3.20,176.08,4.18,0.99,2.69,4.57,false
2026-03-25,1727.99,0.00,0.00,21.62,45.98,1892.07,0.11,0.29,3.79,0.98,0.32,1.91,39.02,110.18,33.40,24.54,1.68,12.82,796.99,1.56,12.99,66.97,0.37,342.84,3073.26,67.31,2306.11,2.51,124.58,165.53,40.67,2.70,0.47,2.19,62.38,67.61,369.63,4.19,6.56,25.33,0.00,4.71,0.06,0.24,0.11,0.13,0.01,0.12,0.90,1.06,2.91,5.00,4.99,1.35,1.99,138.70,2.85,0.68,1.73,2.83,false
2026-03-26,1747.60,0.00,0.00,68.82,238.75,1951.73,0.41,0.70,4.56,2.31,0.61,17.48,166.08,468.46,26.87,127.18,2.39,76.51,1182.94,0.55,16.30,334.56,1.20,966.85,3358.49,50.04,2563.63,6.89,113.55,146.79,33.01,6.77,0.90,15.89,23.68,71.43,304.14,9.14,6.30,26.25,0.45,1.11,0.37,0.36,0.29,4.77,0.11,4.66,0.41,0.77,1.41,2.43,2.11,0.77,1.40,140.20,1.25,0.37,1.09,1.66,true
2026-03-27,1314.51,0.00,0.00,87.18,373.85,3103.55,1.25,1.31,21.56,3.95,1.68,18.73,429.52,1548.40,149.19,663.35,8.04,79.27,1428.58,0.87,12.30,243.33,2.03,1115.83,3324.12,85.29,2648.02,5.78,77.64,99.72,21.72,10.67,3.47,28.27,44.77,46.34,138.45,9.16,8.62,16.02,0.59,2.92,0.63,1.51,0.49,5.39,0.08,5.31,1.29,2.36,4.66,8.21,7.72,2.32,3.78,130.58,4.59,1.26,3.19,5.01,false
2026-03-28,2090.39,26.29,0.00,30.21,54.71,3590.24,0.34,0.86,10.94,2.46,1.16,34.24,90.13,514.06,59.20,197.21,4.56,20.46,1477.91,3.38,20.17,223.87,0.87,998.09,5325.11,169.43,3453.96,9.79,209.83,232.58,22.71,3.95,0.71,19.95,101.87,42.79,526.01,3.63,2.01,15.90,0.42,1.09,0.10,0.59,0.32,0.56,0.08,0.37,0.81,1.34,2.87,4.79,4.86,1.48,2.49,155.58,2.72,0.75,2.19,3.02,false
2026-03-29,1657.00,0.00,0.00,32.41,172.43,3288.82,0.65,1.31,5.52,4.62,1.01,15.44,235.85,427.24,51.97,221.10,6.58,67.63,1317.15,0.48,9.01,340.89,1.32,1087.41,3583.42,62.37,2640.58,4.24,96.10,121.52,25.33,8.75,3.54,21.65,59.16,79.69,672.10,21.68,9.01,27.76,0.43,0.86,0.79,0.06,0.01,7.87,0.23,7.62,0.59,0.91,1.77,2.93,2.26,0.93,1.78,123.76,1.56,0.48,1.40,2.04,false
2026-03-30,2175.54,28.53,0.00,415.65,131.23,4007.46,1.39,1.09,13.10,3.59,2.07,3.23,274.89,460.32,29.80,546.27,3.28,163.86,737.15,0.64,14.82,208.54,1.18,779.95,3598.37,110.93,2242.74,5.12,230.86,261.57,28.65,4.65,2.96,88.78,45.49,48.86,126.64,7.57,8.27,13.43,0.44,1.88,0.58,0.79,0.29,4.20,0.02,4.18,0.81,1.72,2.77,4.90,4.74,1.57,2.63,130.58,2.49,0.69,1.99,3.16,false
2026-03-31,1413.99,38.06,0.00,13.54,242.78,3881.99,1.14,0.94,14.85,1.80,1.22,3.44,130.46,108.85,12.77,80.87,2.51,8.14,284.90,0.24,9.22,92.57,0.40,706.03,2440.93,96.72,1743.07,8.62,96.17,111.48,13.82,4.07,1.75,20.97,28.28,37.89,177.37,11.64,3.58,11.89,0.53,0.25,0.24,0.00,0.00,3.21,0.11,3.09,0.82,2.58,3.23,5.76,5.99,1.78,2.89,96.25,3.10,0.83,2.43,3.68,false
2026-04-01,1631.87,13.93,0.00,47.11,235.17,2796.74,0.79,0.91,17.88,3.31,1.70,7.31,234.30,117.65,22.01,72.66,3.43,45.77,879.81,0.50,13.96,106.52,1.07,777.93,3076.32,68.72,1551.30,9.41,101.13,120.04,18.83,5.48,3.68,58.85,26.97,57.22,176.25,15.76,10.07,16.94,0.82,1.03,1.01,0.00,0.00,8.85,0.07,8.75,1.20,2.39,4.18,7.42,7.15,2.02,3.23,138.62,4.12,0.96,2.74,4.39,false
2026-04-02,1669.93,0.00,0.00,54.80,687.74,3149.27,1.22,1.62,21.68,3.47,1.81,4.69,403.80,831.50,161.29,99.87,5.76,79.65,657.04,1.85,12.56,247.80,3.51,1250.40,3158.19,126.63,1174.89,11.20,154.13,178.67,23.54,12.02,3.52,89.78,56.92,63.27,407.23,21.18,5.55,23.53,1.38,1.02,0.54,0.23,0.10,4.20,0.11,3.86,0.88,2.37,3.54,6.44,5.99,1.84,3.39,101.68,3.37,0.95,2.79,3.98,false
2026-04-03,1868.97,0.00,0.00,12.64,212.33,3544.46,0.71,1.62,17.05,6.73,1.52,32.88,316.46,1518.33,54.73,508.15,8.62,135.25,1618.83,0.79,11.20,383.68,0.73,1357.74,3611.60,118.32,2154.10,5.40,60.67,117.09,56.13,9.45,4.14,0.36,43.34,97.65,745.79,27.25,18.56,29.70,0.37,3.44,1.42,1.34,0.44,12.42,0.30,12.07,0.93,1.77,3.21,5.45,5.49,1.90,2.93,160.41,2.95,0.78,2.40,3.61,false
2026-04-04,2553.64,0.00,0.00,31.39,77.85,3527.64,1.14,1.45,24.12,5.49,1.86,10.43,248.16,395.16,28.82,911.43,5.93,39.17,1099.34,0.51,15.58,143.70,0.74,1069.65,3215.02,150.04,1880.57,17.01,152.58,165.71,12.95,3.37,0.60,31.67,73.28,101.86,681.34,36.93,12.81,31.69,1.98,3.54,0.66,1.69,0.79,8.89,1.68,7.17,1.34,3.14,4.81,8.37,8.40,2.82,4.42,156.17,4.29,0.86,3.46,5.37,false
2026-04-05,1603.83,7.04,0.00,50.79,458.81,3237.21,1.05,1.04,11.33,2.87,0.67,15.18,332.38,219.02,2.44,518.38,5.18,13.31,858.03,0.34,9.71,304.27,1.05,999.87,2661.80,93.64,2703.73,2.85,123.48,143.98,20.46,5.55,1.91,73.45,29.91,51.78,312.38,12.60,8.23,15.28,0.29,2.01,0.57,0.85,0.40,5.15,0.80,4.34,0.62,1.14,2.00,3.62,2.84,1.03,2.06,130.12,1.79,0.54,1.55,2.33,false
2026-04-06,1564.76,0.00,0.00,40.86,165.32,3829.63,0.64,0.68,8.58,4.39,1.74,14.60,277.71,561.66,83.85,333.13,8.16,121.43,1030.29,0.99,9.15,440.27,1.87,1132.43,4060.52,83.45,1124.25,3.91,98.60,129.01,30.13,13.91,3.74,17.87,65.36,67.18,320.65,27.45,8.87,14.99,0.12,1.65,0.78,0.51,0.19,6.83,0.06,6.33,1.13,1.76,3.75,6.49,6.42,1.84,2.89,123.91,3.64,0.89,2.28,3.86,false
2026-04-07,1614.08,0.00,0.00,34.73,199.74,3037.53,0.74,0.61,37.24,3.29,2.39,17.12,210.79,381.56,33.60,230.91,2.81,80.91,1153.23,0.95,8.48,381.96,1.19,1189.00,4304.81,181.01,2478.05,3.39,101.54,130.29,28.68,8.10,3.59,32.32,50.58,58.41,209.20,9.87,2.49,23.19,0.56,0.36,0.29,0.17,0.06,1.79,0.03,1.76,0.62,1.60,2.49,4.42,4.64,1.51,2.27,148.48,2.33,0.64,1.87,2.82,false
2026-04-08,,,,,,,,,,,,,,,,,,,,,,,,,,,,,,,,,,,,,,,,,,,,,,,,,,,,,,,,,,,,,false
